-- MySQL dump 10.13  Distrib 8.0.44, for Win64 (x86_64)
--
-- Host: localhost    Database: internal_assessment
-- ------------------------------------------------------
-- Server version	8.0.44

/*!40101 SET @OLD_CHARACTER_SET_CLIENT=@@CHARACTER_SET_CLIENT */;
/*!40101 SET @OLD_CHARACTER_SET_RESULTS=@@CHARACTER_SET_RESULTS */;
/*!40101 SET @OLD_COLLATION_CONNECTION=@@COLLATION_CONNECTION */;
/*!50503 SET NAMES utf8mb4 */;
/*!40103 SET @OLD_TIME_ZONE=@@TIME_ZONE */;
/*!40103 SET TIME_ZONE='+00:00' */;
/*!40014 SET @OLD_UNIQUE_CHECKS=@@UNIQUE_CHECKS, UNIQUE_CHECKS=0 */;
/*!40014 SET @OLD_FOREIGN_KEY_CHECKS=@@FOREIGN_KEY_CHECKS, FOREIGN_KEY_CHECKS=0 */;
/*!40101 SET @OLD_SQL_MODE=@@SQL_MODE, SQL_MODE='NO_AUTO_VALUE_ON_ZERO' */;
/*!40111 SET @OLD_SQL_NOTES=@@SQL_NOTES, SQL_NOTES=0 */;

--
-- Table structure for table `assessment`
--

DROP TABLE IF EXISTS `assessment`;
/*!40101 SET @saved_cs_client     = @@character_set_client */;
/*!50503 SET character_set_client = utf8mb4 */;
CREATE TABLE `assessment` (
  `Assess_Id` int NOT NULL,
  `Type` varchar(50) NOT NULL DEFAULT 'Internal',
  `Max_Marks` int NOT NULL DEFAULT '100',
  `Date_Of_Issue` date NOT NULL,
  `FS_Id` int NOT NULL,
  `Q_Id` int NOT NULL,
  PRIMARY KEY (`Assess_Id`),
  KEY `FS_Id` (`FS_Id`),
  KEY `Q_Id` (`Q_Id`),
  CONSTRAINT `assessment_ibfk_1` FOREIGN KEY (`FS_Id`) REFERENCES `faculty_subject_mapping` (`FS_Id`),
  CONSTRAINT `assessment_ibfk_2` FOREIGN KEY (`Q_Id`) REFERENCES `questions` (`Q_Id`)
) ENGINE=InnoDB DEFAULT CHARSET=utf8mb4 COLLATE=utf8mb4_0900_ai_ci;
/*!40101 SET character_set_client = @saved_cs_client */;

--
-- Dumping data for table `assessment`
--

LOCK TABLES `assessment` WRITE;
/*!40000 ALTER TABLE `assessment` DISABLE KEYS */;
/*!40000 ALTER TABLE `assessment` ENABLE KEYS */;
UNLOCK TABLES;

--
-- Table structure for table `branch`
--

DROP TABLE IF EXISTS `branch`;
/*!40101 SET @saved_cs_client     = @@character_set_client */;
/*!50503 SET character_set_client = utf8mb4 */;
CREATE TABLE `branch` (
  `Branch_Id` int NOT NULL,
  `Branch_Name` varchar(50) NOT NULL,
  PRIMARY KEY (`Branch_Id`)
) ENGINE=InnoDB DEFAULT CHARSET=utf8mb4 COLLATE=utf8mb4_0900_ai_ci;
/*!40101 SET character_set_client = @saved_cs_client */;

--
-- Dumping data for table `branch`
--

LOCK TABLES `branch` WRITE;
/*!40000 ALTER TABLE `branch` DISABLE KEYS */;
INSERT INTO `branch` VALUES (1,'CSE(AI & ML)'),(2,'ECE'),(3,'CE'),(4,'ME'),(5,'TE'),(6,'AS & H');
/*!40000 ALTER TABLE `branch` ENABLE KEYS */;
UNLOCK TABLES;

--
-- Table structure for table `department`
--

DROP TABLE IF EXISTS `department`;
/*!40101 SET @saved_cs_client     = @@character_set_client */;
/*!50503 SET character_set_client = utf8mb4 */;
CREATE TABLE `department` (
  `DEPT_ID` int NOT NULL,
  `Dept_Name` varchar(50) NOT NULL,
  `Address` varchar(100) NOT NULL DEFAULT 'Not Assigned',
  `YOE` int NOT NULL,
  PRIMARY KEY (`DEPT_ID`)
) ENGINE=InnoDB DEFAULT CHARSET=utf8mb4 COLLATE=utf8mb4_0900_ai_ci;
/*!40101 SET character_set_client = @saved_cs_client */;

--
-- Dumping data for table `department`
--

LOCK TABLES `department` WRITE;
/*!40000 ALTER TABLE `department` DISABLE KEYS */;
INSERT INTO `department` VALUES (1,'Dept of Computer Science Engineering(AI & ML)','Sundernagar,Mandi',2022),(2,'Dept of Electronics and Communication Engineering','Sundernagar,Mandi',2010),(3,'Dept of Civil Engineering','Sundernagar,Mandi',2010),(4,'Dept of Mechanical Engineering','Sundernagar,Mandi',2006),(5,'Dept of Textile Engineering','Sundernagar,Mandi',2006),(6,'Applied Science & Humanities','Sundernagar,Mandi',2006);
/*!40000 ALTER TABLE `department` ENABLE KEYS */;
UNLOCK TABLES;

--
-- Table structure for table `faculty`
--

DROP TABLE IF EXISTS `faculty`;
/*!40101 SET @saved_cs_client     = @@character_set_client */;
/*!50503 SET character_set_client = utf8mb4 */;
CREATE TABLE `faculty` (
  `F_ID` int NOT NULL,
  `F_Name` varchar(150) NOT NULL,
  `F_Contact` varchar(15) NOT NULL,
  `Dept_ID` int NOT NULL,
  PRIMARY KEY (`F_ID`),
  KEY `Dept_ID` (`Dept_ID`),
  CONSTRAINT `faculty_ibfk_1` FOREIGN KEY (`Dept_ID`) REFERENCES `department` (`DEPT_ID`)
) ENGINE=InnoDB DEFAULT CHARSET=utf8mb4 COLLATE=utf8mb4_0900_ai_ci;
/*!40101 SET character_set_client = @saved_cs_client */;

--
-- Dumping data for table `faculty`
--

LOCK TABLES `faculty` WRITE;
/*!40000 ALTER TABLE `faculty` DISABLE KEYS */;
INSERT INTO `faculty` VALUES (101,'Dr. Meenakshi Shruti Pal','8219482836',1),(102,'Er. Aditi Mahajan','9459791493',1),(103,'Er. Rahul Pal Singh','9882743808',1),(104,'Er. Shivani Thakur','8580469400',1),(201,'Dr. Ajeet Thakur','9876543210',2),(202,'Dr. Nitasha Bisht','9123456784',2),(203,'Ms. Pooja Sharma','8765432198',2),(204,'Dr. Sanjeev Kumar','9345612780',2),(205,'Mr. Akshay Kanwar','7984561230',2),(206,'Ms. Rita Devi','8899012345',2),(207,'Ms. Manavi Sharma','9556677881',2),(301,'Dr.Madhu Sharma','9812345678',3),(302,'Ms. Surabhi','9078563412',3),(303,'Dr.Aashish Sharma','8445123679',3),(304,'Mr. Prashant Thakur','9364781205',3),(305,'Ms.Shalini Chauhan','7992456813',3),(401,'Dr. Ritesh Koundal','9887123456',4),(402,'Dr. Mridul Sharma','9012456783',4),(403,'Er. Rohit Bhardwaj','8756341290',4),(404,'Dr. Sachin kumar','9321567840',4),(405,'Er. Ankush Sharma','7865432109',4),(406,'Er. Chetan Sharma','9543216780',4),(407,'Er. Sahi','8172635490',4),(408,'Er. Aman Sharma','8897654321',4),(409,'Er. Navdeep Sharma','9701234568',4),(501,'Er.Praveen Kumar','9817654320',5),(502,'Dr.Priya Jaswal','9124785630',5),(503,'Er. Urvashi Malhotra','8745632190',5),(504,'Dr. Amit Kumar','9365214780',5),(505,'Er. Preeti Gautam','7998123456',5),(506,'Er.Vivek Sharma','9554321678',5),(507,'Dr. Ankush Sharma','8234567190',5),(508,'Dr. Dinesh Bhatia','8876541203',5),(509,'Mr. Ajay','9708456123',5),(510,'Er. Akshay Sharma','7645983210',5),(601,'Dr. Champa Verma','9894561230',6),(602,'Dr. Neelam Guleria','9132678450',6),(603,'Dr. Parul Chauhan','8789012345',6),(604,'Dr. Kiran Thakur','9345782160',6),(605,'Mr. Sandeep Choudhri','8012456793',6),(606,'Mrs. Rita Kumari Rana','9567341280',6);
/*!40000 ALTER TABLE `faculty` ENABLE KEYS */;
UNLOCK TABLES;

--
-- Table structure for table `faculty_subject_mapping`
--

DROP TABLE IF EXISTS `faculty_subject_mapping`;
/*!40101 SET @saved_cs_client     = @@character_set_client */;
/*!50503 SET character_set_client = utf8mb4 */;
CREATE TABLE `faculty_subject_mapping` (
  `FS_Id` int NOT NULL,
  `F_Id` int NOT NULL,
  `Sub_Branch_Id` int NOT NULL,
  `Semester` int NOT NULL,
  `AY` varchar(20) NOT NULL DEFAULT '2025-2026',
  PRIMARY KEY (`FS_Id`),
  KEY `F_Id` (`F_Id`),
  KEY `Sub_Branch_Id` (`Sub_Branch_Id`),
  CONSTRAINT `faculty_subject_mapping_ibfk_1` FOREIGN KEY (`F_Id`) REFERENCES `faculty` (`F_ID`),
  CONSTRAINT `faculty_subject_mapping_ibfk_2` FOREIGN KEY (`Sub_Branch_Id`) REFERENCES `subject_branch_mapping` (`Sub_Branch_Id`),
  CONSTRAINT `faculty_subject_mapping_chk_1` CHECK ((`Semester` between 1 and 8))
) ENGINE=InnoDB DEFAULT CHARSET=utf8mb4 COLLATE=utf8mb4_0900_ai_ci;
/*!40101 SET character_set_client = @saved_cs_client */;

--
-- Dumping data for table `faculty_subject_mapping`
--

LOCK TABLES `faculty_subject_mapping` WRITE;
/*!40000 ALTER TABLE `faculty_subject_mapping` DISABLE KEYS */;
/*!40000 ALTER TABLE `faculty_subject_mapping` ENABLE KEYS */;
UNLOCK TABLES;

--
-- Table structure for table `questions`
--

DROP TABLE IF EXISTS `questions`;
/*!40101 SET @saved_cs_client     = @@character_set_client */;
/*!50503 SET character_set_client = utf8mb4 */;
CREATE TABLE `questions` (
  `Q_Id` int NOT NULL,
  `Q_Description` text,
  `KL` varchar(10) DEFAULT NULL,
  `CO` varchar(10) DEFAULT NULL,
  `Topic` varchar(100) DEFAULT NULL,
  `Sub_Topic` varchar(100) DEFAULT NULL,
  PRIMARY KEY (`Q_Id`)
) ENGINE=InnoDB DEFAULT CHARSET=utf8mb4 COLLATE=utf8mb4_0900_ai_ci;
/*!40101 SET character_set_client = @saved_cs_client */;

--
-- Dumping data for table `questions`
--

LOCK TABLES `questions` WRITE;
/*!40000 ALTER TABLE `questions` DISABLE KEYS */;
INSERT INTO `questions` VALUES (1,'What is the objective of a capstone project?','L1','CO1','Capstone Project-1','Introduction'),(2,'Explain the phases of project planning in capstone','L2','CO1','Capstone Project-1','Project Planning'),(3,'How do you define scope of a capstone project?','L3','CO2','Capstone Project-1','Scope Management'),(4,'What is the role of documentation in capstone project?','L2','CO2','Capstone Project-1','Documentation'),(5,'Explain how to present capstone project results effectively','L4','CO3','Capstone Project-1','Presentation'),(6,'What is AutoCAD and its use in civil engineering?','L1','CO1','Computer-Aided Civil Engineering Drawing Laboratory','AutoCAD Basics'),(7,'Explain how to draw a floor plan using CAD software','L3','CO2','Computer-Aided Civil Engineering Drawing Laboratory','Floor Plan'),(8,'What are layers in CAD and why are they used?','L2','CO1','Computer-Aided Civil Engineering Drawing Laboratory','Layers'),(9,'Explain dimensioning tools in AutoCAD','L3','CO2','Computer-Aided Civil Engineering Drawing Laboratory','Dimensioning'),(10,'How to create a 3D model of a building in CAD?','L4','CO3','Computer-Aided Civil Engineering Drawing Laboratory','3D Modeling'),(11,'What is machine drawing and its importance?','L1','CO1','Machine Drawing & CAD Lab','Introduction'),(12,'Explain orthographic projection in machine drawing','L2','CO1','Machine Drawing & CAD Lab','Projection'),(13,'What are sectional views in engineering drawing?','L2','CO2','Machine Drawing & CAD Lab','Sectional Views'),(14,'Explain assembly drawing with example','L3','CO3','Machine Drawing & CAD Lab','Assembly Drawing'),(15,'How to draw isometric view of a machine component?','L4','CO3','Machine Drawing & CAD Lab','Isometric View'),(16,'What are the basic tools used in a workshop?','L1','CO1','Workshop','Tools'),(17,'Explain the process of welding and its types','L2','CO2','Workshop','Welding'),(18,'What is fitting and its operations in workshop?','L2','CO1','Workshop','Fitting'),(19,'Explain carpentry operations performed in workshop','L2','CO2','Workshop','Carpentry'),(20,'What safety measures should be followed in workshop?','L2','CO3','Workshop','Safety'),(21,'What is engineering graphics and its significance?','L1','CO1','Engineering Graphics & Design','Introduction'),(22,'Explain first angle and third angle projection','L2','CO1','Engineering Graphics & Design','Projection Methods'),(23,'What are conic sections? Explain with examples','L2','CO2','Engineering Graphics & Design','Conic Sections'),(24,'Explain development of surfaces in engineering drawing','L3','CO3','Engineering Graphics & Design','Surface Development'),(25,'What is perspective drawing? Explain its types','L3','CO3','Engineering Graphics & Design','Perspective Drawing'),(26,'What is the importance of yoga in daily life?','L1','CO1','Holistic Health & Yoga','Introduction'),(27,'Explain pranayama and its health benefits','L2','CO1','Holistic Health & Yoga','Pranayama'),(28,'What is meditation and how does it help mental health?','L2','CO2','Holistic Health & Yoga','Meditation'),(29,'Explain the concept of holistic health','L2','CO2','Holistic Health & Yoga','Holistic Health'),(30,'What are the basic asanas for stress relief?','L3','CO3','Holistic Health & Yoga','Asanas'),(31,'What is probability and its axioms?','L1','CO1','Probability Theory & Statistics','Probability Basics'),(32,'Explain Bayes theorem with an example','L3','CO2','Probability Theory & Statistics','Bayes Theorem'),(33,'What is normal distribution and its properties?','L2','CO2','Probability Theory & Statistics','Distributions'),(34,'Explain hypothesis testing in statistics','L3','CO3','Probability Theory & Statistics','Hypothesis Testing'),(35,'What is correlation and regression analysis?','L3','CO4','Probability Theory & Statistics','Regression'),(36,'What is Indian Knowledge System and its importance?','L1','CO1','Indian Knowledge System','Introduction'),(37,'Explain the contribution of ancient India to mathematics','L2','CO1','Indian Knowledge System','Mathematics'),(38,'What is Ayurveda and its significance in modern times?','L2','CO2','Indian Knowledge System','Ayurveda'),(39,'Explain the concept of Panchabhuta in Indian philosophy','L3','CO3','Indian Knowledge System','Philosophy'),(40,'What is the role of Vedic science in modern engineering?','L3','CO3','Indian Knowledge System','Vedic Science'),(41,'What is engineering economics and its scope?','L1','CO1','Engineering Economics','Introduction'),(42,'Explain time value of money with example','L3','CO2','Engineering Economics','Time Value of Money'),(43,'What is break-even analysis?','L3','CO2','Engineering Economics','Break-Even Analysis'),(44,'Explain depreciation methods in engineering economics','L3','CO3','Engineering Economics','Depreciation'),(45,'What is cost-benefit analysis?','L4','CO4','Engineering Economics','Cost Analysis'),(46,'Explain time and space complexity with examples','L2','CO1','Data Structure & Algorithm','Complexity'),(47,'What is a linked list? Explain its types','L2','CO1','Data Structure & Algorithm','Linked List'),(48,'Explain binary search tree with insertion and deletion','L3','CO2','Data Structure & Algorithm','BST'),(49,'What is heap data structure and heapify operation?','L3','CO3','Data Structure & Algorithm','Heap'),(50,'Explain graph traversal algorithms BFS and DFS','L4','CO4','Data Structure & Algorithm','Graph'),(51,'What are Python data types and their usage?','L1','CO1','Python Programming','Data Types'),(52,'Explain list comprehension in Python with example','L3','CO2','Python Programming','Lists'),(53,'What are Python decorators and how are they used?','L3','CO3','Python Programming','Decorators'),(54,'Explain exception handling in Python','L3','CO2','Python Programming','Exception Handling'),(55,'What are Python generators and iterators?','L4','CO4','Python Programming','Generators'),(56,'Explain Von Neumann architecture in detail','L2','CO1','Computer Organization & Architecture','Architecture'),(57,'What is pipelining and what are hazards in pipeline?','L3','CO2','Computer Organization & Architecture','Pipelining'),(58,'Explain cache memory mapping techniques','L3','CO3','Computer Organization & Architecture','Cache Memory'),(59,'What is DMA and how does it work?','L3','CO3','Computer Organization & Architecture','DMA'),(60,'Explain RISC vs CISC architecture','L4','CO4','Computer Organization & Architecture','RISC vs CISC'),(61,'What is propositional logic and its connectives?','L2','CO1','Discrete Mathematics','Logic'),(62,'Explain graph theory and types of graphs','L2','CO2','Discrete Mathematics','Graph Theory'),(63,'What is a lattice in discrete mathematics?','L3','CO3','Discrete Mathematics','Lattice'),(64,'Explain principle of mathematical induction','L3','CO2','Discrete Mathematics','Induction'),(65,'What is a recurrence relation? Solve with example','L4','CO4','Discrete Mathematics','Recurrence'),(66,'Explain different process scheduling algorithms','L3','CO2','Operating System','Scheduling'),(67,'What is deadlock? Explain detection and prevention','L3','CO3','Operating System','Deadlock'),(68,'Explain virtual memory and page replacement algorithms','L4','CO3','Operating System','Virtual Memory'),(69,'What is semaphore? Explain producer consumer problem','L3','CO3','Operating System','Synchronization'),(70,'Explain file system organization in operating system','L3','CO4','Operating System','File System'),(71,'Explain divide and conquer with merge sort example','L3','CO1','Design & Analysis of Algorithm','Divide & Conquer'),(72,'What is greedy algorithm? Explain with Huffman coding','L4','CO2','Design & Analysis of Algorithm','Greedy'),(73,'Explain dynamic programming with 0-1 knapsack problem','L4','CO3','Design & Analysis of Algorithm','Dynamic Programming'),(74,'What are NP-hard and NP-complete problems?','L4','CO4','Design & Analysis of Algorithm','Complexity Classes'),(75,'Explain backtracking with N-queens problem','L4','CO3','Design & Analysis of Algorithm','Backtracking'),(76,'What is Turing test? Explain its significance','L2','CO1','Artificial Intelligence in Engineering','Introduction'),(77,'Explain A* search algorithm with example','L4','CO2','Artificial Intelligence in Engineering','Search Algorithms'),(78,'What is knowledge representation in AI?','L3','CO3','Artificial Intelligence in Engineering','Knowledge Representation'),(79,'Explain fuzzy logic and its engineering applications','L3','CO4','Artificial Intelligence in Engineering','Fuzzy Logic'),(80,'What is game tree and minimax algorithm?','L4','CO3','Artificial Intelligence in Engineering','Game Theory'),(81,'What is ER model? Explain its components','L2','CO1','Database Management System','ER Model'),(82,'Explain normalization from 1NF to BCNF','L4','CO2','Database Management System','Normalization'),(83,'What are ACID properties in DBMS?','L2','CO3','Database Management System','Transactions'),(84,'Explain different types of joins in SQL','L3','CO2','Database Management System','SQL Joins'),(85,'What is indexing and hashing in DBMS?','L3','CO4','Database Management System','Indexing'),(86,'Explain OSI model and functions of each layer','L2','CO1','Computer Networks','OSI Model'),(87,'What is TCP/IP model? Compare with OSI model','L3','CO2','Computer Networks','TCP/IP'),(88,'Explain IP addressing and subnetting','L3','CO3','Computer Networks','IP Addressing'),(89,'What is congestion control in computer networks?','L4','CO4','Computer Networks','Congestion Control'),(90,'Explain DNS working and its hierarchy','L3','CO2','Computer Networks','DNS'),(91,'What is finite automata and its types?','L2','CO1','Theory of Computation','Finite Automata'),(92,'Explain regular expressions with examples','L3','CO2','Theory of Computation','Regular Expressions'),(93,'What is context free grammar and parse tree?','L3','CO3','Theory of Computation','CFG'),(94,'Explain pushdown automata with example','L4','CO3','Theory of Computation','PDA'),(95,'What is halting problem and undecidability?','L4','CO4','Theory of Computation','Decidability'),(96,'Explain supervised vs unsupervised learning','L2','CO1','Introduction to Machine Learning','Learning Types'),(97,'What is linear regression? Derive cost function','L3','CO2','Introduction to Machine Learning','Regression'),(98,'Explain decision tree and information gain','L3','CO3','Introduction to Machine Learning','Decision Tree'),(99,'What is overfitting? How to prevent it?','L3','CO2','Introduction to Machine Learning','Model Evaluation'),(100,'Explain k-means clustering algorithm','L4','CO4','Introduction to Machine Learning','Clustering'),(101,'What is SDLC? Explain its phases','L2','CO1','Software Engineering','SDLC'),(102,'Explain agile methodology and its principles','L2','CO2','Software Engineering','Agile'),(103,'What is UML? Explain use case diagram','L3','CO3','Software Engineering','UML'),(104,'Explain types of software testing','L3','CO4','Software Engineering','Testing'),(105,'What is software requirement specification?','L3','CO2','Software Engineering','SRS'),(106,'What is data warehouse and its architecture?','L2','CO1','Data Warehousing & Data Mining','Data Warehouse'),(107,'Explain ETL process in data warehousing','L3','CO2','Data Warehousing & Data Mining','ETL'),(108,'What is Apriori algorithm in association mining?','L4','CO3','Data Warehousing & Data Mining','Association Rules'),(109,'Explain OLAP and its operations','L3','CO2','Data Warehousing & Data Mining','OLAP'),(110,'What is classification in data mining? Explain Naive Bayes','L4','CO4','Data Warehousing & Data Mining','Classification'),(111,'Explain phases of compiler with diagram','L2','CO1','Compiler Design','Compiler Phases'),(112,'What is LL(1) parsing? Explain with example','L4','CO2','Compiler Design','Parsing'),(113,'Explain syntax directed translation','L4','CO3','Compiler Design','SDT'),(114,'What is symbol table and its operations?','L3','CO2','Compiler Design','Symbol Table'),(115,'Explain code optimization techniques','L4','CO4','Compiler Design','Code Optimization'),(116,'Explain perceptron and multi-layer perceptron','L2','CO1','Deep Learning','Perceptron'),(117,'What is backpropagation? Explain with chain rule','L4','CO2','Deep Learning','Backpropagation'),(118,'Explain convolutional neural network architecture','L4','CO3','Deep Learning','CNN'),(119,'What is LSTM and how does it solve vanishing gradient?','L4','CO4','Deep Learning','LSTM'),(120,'Explain GAN and its applications','L4','CO4','Deep Learning','GAN'),(121,'What is ensemble learning? Explain bagging and boosting','L4','CO1','Advanced Machine Learning','Ensemble Learning'),(122,'Explain Support Vector Machine with kernel trick','L4','CO2','Advanced Machine Learning','SVM'),(123,'What is random forest and feature importance?','L4','CO2','Advanced Machine Learning','Random Forest'),(124,'Explain reinforcement learning and Q-learning','L4','CO3','Advanced Machine Learning','Reinforcement Learning'),(125,'What is dimensionality reduction? Explain PCA','L4','CO4','Advanced Machine Learning','PCA'),(126,'What is image processing and its applications?','L1','CO1','Computer Vision','Introduction'),(127,'Explain edge detection techniques in image processing','L3','CO2','Computer Vision','Edge Detection'),(128,'What is object detection? Explain YOLO algorithm','L4','CO3','Computer Vision','Object Detection'),(129,'Explain image segmentation techniques','L4','CO3','Computer Vision','Segmentation'),(130,'What is optical flow in computer vision?','L4','CO4','Computer Vision','Optical Flow'),(131,'What is NLP and its applications?','L1','CO1','Natural Language Processing','Introduction'),(132,'Explain tokenization and stemming in NLP','L2','CO2','Natural Language Processing','Text Preprocessing'),(133,'What is word embedding? Explain Word2Vec','L4','CO3','Natural Language Processing','Word Embeddings'),(134,'Explain sentiment analysis with example','L3','CO3','Natural Language Processing','Sentiment Analysis'),(135,'What is transformer model in NLP?','L4','CO4','Natural Language Processing','Transformers'),(136,'What is digital marketing and its channels?','L1','CO1','Digital Marketing','Introduction'),(137,'Explain SEO and its techniques','L2','CO2','Digital Marketing','SEO'),(138,'What is social media marketing strategy?','L3','CO2','Digital Marketing','Social Media'),(139,'Explain pay per click advertising model','L3','CO3','Digital Marketing','PPC'),(140,'What is content marketing and its importance?','L3','CO3','Digital Marketing','Content Marketing'),(141,'What is generative AI and how does it work?','L1','CO1','Generative AI','Introduction'),(142,'Explain large language models and their architecture','L4','CO2','Generative AI','LLMs'),(143,'What is prompt engineering and its techniques?','L3','CO3','Generative AI','Prompt Engineering'),(144,'Explain diffusion models in image generation','L4','CO3','Generative AI','Diffusion Models'),(145,'What are ethical concerns in generative AI?','L3','CO4','Generative AI','AI Ethics'),(146,'What are applications of AI in healthcare?','L1','CO1','AI in Healthcare','Applications'),(147,'Explain medical image analysis using deep learning','L4','CO2','AI in Healthcare','Medical Imaging'),(148,'What is drug discovery using AI?','L3','CO3','AI in Healthcare','Drug Discovery'),(149,'Explain predictive analytics in patient care','L3','CO3','AI in Healthcare','Predictive Analytics'),(150,'What are challenges of implementing AI in healthcare?','L4','CO4','AI in Healthcare','Challenges'),(151,'What is entrepreneurship and its characteristics?','L1','CO1','Start-Up, Innovation & Entrepreneurship','Introduction'),(152,'Explain lean startup methodology','L3','CO2','Start-Up, Innovation & Entrepreneurship','Lean Startup'),(153,'What is business model canvas?','L3','CO2','Start-Up, Innovation & Entrepreneurship','Business Model'),(154,'Explain design thinking process','L3','CO3','Start-Up, Innovation & Entrepreneurship','Design Thinking'),(155,'What is intellectual property and its types?','L2','CO3','Start-Up, Innovation & Entrepreneurship','IPR'),(156,'Explain p-n junction diode and its characteristics','L2','CO1','Electronic Devices','Diodes'),(157,'What is BJT? Explain its working and configurations','L3','CO2','Electronic Devices','BJT'),(158,'Explain MOSFET structure and working principle','L3','CO3','Electronic Devices','MOSFET'),(159,'What is Zener diode and its voltage regulation application?','L3','CO2','Electronic Devices','Zener Diode'),(160,'Explain SCR and its triggering methods','L4','CO4','Electronic Devices','SCR'),(161,'What is a signal and its classification?','L1','CO1','Signals & System','Introduction'),(162,'Explain Fourier series representation of periodic signals','L3','CO2','Signals & System','Fourier Series'),(163,'What is Laplace transform and its properties?','L3','CO3','Signals & System','Laplace Transform'),(164,'Explain convolution and its significance in LTI systems','L4','CO3','Signals & System','Convolution'),(165,'What is Z-transform and its applications?','L4','CO4','Signals & System','Z-Transform'),(166,'Explain Kirchhoff voltage and current laws','L2','CO1','Network Theory','KVL and KCL'),(167,'What is Thevenin theorem? Explain with example','L3','CO2','Network Theory','Thevenin Theorem'),(168,'Explain Norton theorem and its applications','L3','CO2','Network Theory','Norton Theorem'),(169,'What is resonance in RLC circuit?','L3','CO3','Network Theory','Resonance'),(170,'Explain two-port network parameters','L4','CO4','Network Theory','Two-Port Networks'),(171,'What is Boolean algebra and its theorems?','L2','CO1','Digital System Design','Boolean Algebra'),(172,'Explain Karnaugh map simplification','L3','CO2','Digital System Design','K-Map'),(173,'What are flip flops? Explain JK flip flop','L3','CO3','Digital System Design','Flip Flops'),(174,'Explain synchronous and asynchronous counters','L3','CO3','Digital System Design','Counters'),(175,'What is programmable logic device?','L4','CO4','Digital System Design','PLD'),(176,'What is operational amplifier and its ideal characteristics?','L2','CO1','Analog Circuits','Op-Amp'),(177,'Explain inverting and non-inverting amplifier circuits','L3','CO2','Analog Circuits','Amplifiers'),(178,'What is active filter? Explain low pass active filter','L3','CO3','Analog Circuits','Active Filters'),(179,'Explain oscillator circuits and Barkhausen criterion','L4','CO3','Analog Circuits','Oscillators'),(180,'What is feedback in amplifiers and its types?','L3','CO4','Analog Circuits','Feedback'),(181,'What is microcontroller and how is it different from microprocessor?','L1','CO1','Microcontroller','Introduction'),(182,'Explain architecture of 8051 microcontroller','L2','CO2','Microcontroller','8051 Architecture'),(183,'What is interrupt in microcontroller? Explain its types','L3','CO3','Microcontroller','Interrupts'),(184,'Explain timer and counter in 8051 microcontroller','L3','CO3','Microcontroller','Timers'),(185,'What is serial communication in microcontroller?','L3','CO4','Microcontroller','Serial Communication'),(186,'What is modulation and why is it needed?','L1','CO1','Analog Communication','Modulation Basics'),(187,'Explain amplitude modulation and its bandwidth','L3','CO2','Analog Communication','AM'),(188,'What is frequency modulation and its advantages?','L3','CO2','Analog Communication','FM'),(189,'Explain superheterodyne receiver','L4','CO3','Analog Communication','Receivers'),(190,'What is noise in communication system and its types?','L3','CO4','Analog Communication','Noise'),(191,'What are Maxwells equations and their significance?','L2','CO1','Electromagnetic Field Theory','Maxwells Equations'),(192,'Explain Gauss law and its applications','L3','CO2','Electromagnetic Field Theory','Gauss Law'),(193,'What is electromagnetic wave propagation?','L3','CO3','Electromagnetic Field Theory','Wave Propagation'),(194,'Explain Poynting theorem in electromagnetic field','L4','CO3','Electromagnetic Field Theory','Poynting Theorem'),(195,'What is skin effect in conductors?','L3','CO4','Electromagnetic Field Theory','Skin Effect'),(196,'Explain stress-strain diagram for mild steel','L2','CO1','Solid Mechanics','Stress-Strain'),(197,'What is Poisson ratio and its significance?','L2','CO2','Solid Mechanics','Elastic Constants'),(198,'Explain bending moment and shear force diagram','L3','CO3','Solid Mechanics','Bending Moment'),(199,'What is torsion in circular shaft?','L3','CO3','Solid Mechanics','Torsion'),(200,'Explain Euler theory of column buckling','L4','CO4','Solid Mechanics','Column Buckling'),(201,'What are properties of fluids? Explain viscosity','L2','CO1','Fluid Mechanics','Fluid Properties'),(202,'Explain Bernoulli equation and its applications','L3','CO2','Fluid Mechanics','Bernoulli Equation'),(203,'What is Reynolds number and flow regimes?','L3','CO3','Fluid Mechanics','Flow Types'),(204,'Explain pipe flow losses and Darcy-Weisbach equation','L4','CO3','Fluid Mechanics','Pipe Flow'),(205,'What is boundary layer theory?','L4','CO4','Fluid Mechanics','Boundary Layer'),(206,'What are properties of cement and its types?','L2','CO1','Civil Engineering Materials,Construction & Drawing','Cement'),(207,'Explain workability of concrete and its measurement','L3','CO2','Civil Engineering Materials,Construction & Drawing','Concrete'),(208,'What are types of bricks and their properties?','L2','CO1','Civil Engineering Materials,Construction & Drawing','Bricks'),(209,'Explain construction of RCC beam and slab','L3','CO3','Civil Engineering Materials,Construction & Drawing','RCC Construction'),(210,'What is building drawing and its components?','L3','CO3','Civil Engineering Materials,Construction & Drawing','Building Drawing'),(211,'What is surveying and its types?','L1','CO1','Surveying & Geomatics','Introduction'),(212,'Explain chain surveying and its procedure','L2','CO2','Surveying & Geomatics','Chain Surveying'),(213,'What is total station and its applications?','L3','CO3','Surveying & Geomatics','Total Station'),(214,'Explain contour lines and their properties','L3','CO2','Surveying & Geomatics','Contouring'),(215,'What is GPS and its use in surveying?','L3','CO4','Surveying & Geomatics','GPS'),(216,'Explain determinacy and indeterminacy of structures','L2','CO1','Structure Analysis-I','Structural Analysis Basics'),(217,'What is method of joints for truss analysis?','L3','CO2','Structure Analysis-I','Truss Analysis'),(218,'Explain slope deflection method','L4','CO3','Structure Analysis-I','Slope Deflection'),(219,'What is influence line diagram?','L3','CO3','Structure Analysis-I','Influence Lines'),(220,'Explain moment distribution method','L4','CO4','Structure Analysis-I','Moment Distribution'),(221,'What is hydration of cement and its importance?','L2','CO1','Concrete Technology','Cement Hydration'),(222,'Explain mix design of concrete','L4','CO2','Concrete Technology','Mix Design'),(223,'What is reinforced cement concrete?','L2','CO2','Concrete Technology','RCC'),(224,'Explain durability of concrete and factors affecting it','L3','CO3','Concrete Technology','Durability'),(225,'What is special concrete and its types?','L3','CO4','Concrete Technology','Special Concrete'),(226,'What is highway engineering and its importance?','L1','CO1','Transportation Engineering','Introduction'),(227,'Explain geometric design of highways','L3','CO2','Transportation Engineering','Geometric Design'),(228,'What is pavement design and its types?','L3','CO3','Transportation Engineering','Pavement Design'),(229,'Explain traffic engineering and flow analysis','L3','CO3','Transportation Engineering','Traffic Engineering'),(230,'What is railway engineering and track components?','L2','CO4','Transportation Engineering','Railway Engineering'),(231,'What is soil classification and its methods?','L2','CO1','Geotechnical Engineering','Soil Classification'),(232,'Explain permeability of soil and Darcys law','L3','CO2','Geotechnical Engineering','Permeability'),(233,'What is consolidation of soil?','L3','CO3','Geotechnical Engineering','Consolidation'),(234,'Explain shear strength of soil and Mohr-Coulomb criterion','L4','CO3','Geotechnical Engineering','Shear Strength'),(235,'What is shallow foundation and its types?','L3','CO4','Geotechnical Engineering','Foundation'),(236,'What are sources of water supply?','L1','CO1','Water Supply & Treatment Technology','Water Sources'),(237,'Explain water treatment process steps','L3','CO2','Water Supply & Treatment Technology','Water Treatment'),(238,'What is sedimentation in water treatment?','L3','CO2','Water Supply & Treatment Technology','Sedimentation'),(239,'Explain chlorination and disinfection of water','L3','CO3','Water Supply & Treatment Technology','Disinfection'),(240,'What is sewage treatment and its stages?','L3','CO4','Water Supply & Treatment Technology','Sewage Treatment'),(241,'What is fluid machine and its classification?','L1','CO1','Fluid Machines','Introduction'),(242,'Explain working of centrifugal pump','L3','CO2','Fluid Machines','Centrifugal Pump'),(243,'What is Pelton wheel turbine and its working?','L3','CO3','Fluid Machines','Pelton Turbine'),(244,'Explain specific speed of turbines','L3','CO3','Fluid Machines','Specific Speed'),(245,'What is cavitation in fluid machines?','L4','CO4','Fluid Machines','Cavitation'),(246,'What is IC engine and its classification?','L1','CO1','Internal Combustion Engines','Introduction'),(247,'Explain Otto cycle with P-V diagram','L3','CO2','Internal Combustion Engines','Otto Cycle'),(248,'What is diesel cycle and how it differs from Otto cycle?','L3','CO3','Internal Combustion Engines','Diesel Cycle'),(249,'Explain carburetor and fuel injection system','L3','CO3','Internal Combustion Engines','Fuel System'),(250,'What is engine emission and pollution control?','L4','CO4','Internal Combustion Engines','Emissions'),(251,'What is kinematic pair and its types?','L2','CO1','Kinematics of Machines','Kinematic Pairs'),(252,'Explain Grashof law for four-bar mechanism','L3','CO2','Kinematics of Machines','Four-Bar Mechanism'),(253,'What is velocity analysis of mechanisms?','L3','CO3','Kinematics of Machines','Velocity Analysis'),(254,'Explain cam and follower mechanism','L3','CO3','Kinematics of Machines','Cam and Follower'),(255,'What is gear train and its types?','L4','CO4','Kinematics of Machines','Gear Trains'),(256,'Explain simple stresses and strains with examples','L2','CO1','Strength of Materials','Stress and Strain'),(257,'What is Mohr circle for stress analysis?','L4','CO2','Strength of Materials','Mohr Circle'),(258,'Explain deflection of beams using Macaulay method','L4','CO3','Strength of Materials','Beam Deflection'),(259,'What is thick cylinder and stress distribution in it?','L3','CO3','Strength of Materials','Thick Cylinders'),(260,'Explain fatigue and stress concentration in materials','L4','CO4','Strength of Materials','Fatigue'),(261,'What is textile fibre and its classification?','L1','CO1','Textile Fibre-I','Introduction'),(262,'Explain properties of cotton fibre','L2','CO2','Textile Fibre-I','Cotton'),(263,'What is wool fibre and its characteristics?','L2','CO2','Textile Fibre-I','Wool'),(264,'Explain silk production and its properties','L3','CO3','Textile Fibre-I','Silk'),(265,'What are synthetic fibres and their advantages?','L3','CO3','Textile Fibre-I','Synthetic Fibres'),(266,'What are physical properties of textile fibres?','L2','CO1','Properties of Fibres','Physical Properties'),(267,'Explain moisture absorption in textile fibres','L3','CO2','Properties of Fibres','Moisture Absorption'),(268,'What is tensile strength of fibres?','L3','CO2','Properties of Fibres','Tensile Strength'),(269,'Explain chemical properties of cotton and polyester','L3','CO3','Properties of Fibres','Chemical Properties'),(270,'What is thermal behaviour of textile fibres?','L3','CO4','Properties of Fibres','Thermal Properties'),(271,'What is yarn and its classification?','L1','CO1','Yarn Manufacture-I','Introduction'),(272,'Explain opening and cleaning process in yarn manufacture','L2','CO2','Yarn Manufacture-I','Opening and Cleaning'),(273,'What is carding and its importance in yarn making?','L3','CO2','Yarn Manufacture-I','Carding'),(274,'Explain drawing process in yarn manufacture','L3','CO3','Yarn Manufacture-I','Drawing'),(275,'What is ring spinning and its mechanism?','L4','CO4','Yarn Manufacture-I','Ring Spinning'),(276,'What is fabric and its types?','L1','CO1','Fabric Manufacture-I','Introduction'),(277,'Explain plain weave structure and its properties','L2','CO2','Fabric Manufacture-I','Plain Weave'),(278,'What is twill weave and its derivatives?','L3','CO2','Fabric Manufacture-I','Twill Weave'),(279,'Explain satin weave and its characteristics','L3','CO3','Fabric Manufacture-I','Satin Weave'),(280,'What is loom and its parts?','L2','CO3','Fabric Manufacture-I','Loom'),(281,'What are basic mechanisms in textile machines?','L2','CO1','Theory of Textile Machines','Basic Mechanisms'),(282,'Explain drive systems in textile machines','L3','CO2','Theory of Textile Machines','Drive Systems'),(283,'What is drafting mechanism in spinning machines?','L3','CO3','Theory of Textile Machines','Drafting'),(284,'Explain take-up and let-off mechanisms in looms','L3','CO3','Theory of Textile Machines','Loom Mechanisms'),(285,'What is automation in textile machinery?','L4','CO4','Theory of Textile Machines','Automation'),(286,'What are man-made fibres and their production?','L2','CO1','Textile Fibre-II','Man-Made Fibres'),(287,'Explain polyester fibre production process','L3','CO2','Textile Fibre-II','Polyester'),(288,'What is nylon fibre and its properties?','L3','CO2','Textile Fibre-II','Nylon'),(289,'Explain acrylic fibre and its applications','L3','CO3','Textile Fibre-II','Acrylic'),(290,'What are high performance fibres and their uses?','L4','CO4','Textile Fibre-II','High Performance Fibres'),(291,'What is combing process and its importance?','L3','CO1','Yarn Manufacture-II','Combing'),(292,'Explain rotor spinning mechanism','L4','CO2','Yarn Manufacture-II','Rotor Spinning'),(293,'What is air jet spinning and its advantages?','L3','CO3','Yarn Manufacture-II','Air Jet Spinning'),(294,'Explain yarn count and its systems','L3','CO2','Yarn Manufacture-II','Yarn Count'),(295,'What is yarn twist and its effect on properties?','L3','CO4','Yarn Manufacture-II','Yarn Twist'),(296,'What is textile wet processing and its stages?','L2','CO1','Textile Chemical Processing-I','Introduction'),(297,'Explain singeing and desizing process','L3','CO2','Textile Chemical Processing-I','Pretreatment'),(298,'What is scouring and bleaching of cotton?','L3','CO2','Textile Chemical Processing-I','Scouring and Bleaching'),(299,'Explain dyeing process and types of dyes','L3','CO3','Textile Chemical Processing-I','Dyeing'),(300,'What is printing on textiles and its methods?','L4','CO4','Textile Chemical Processing-I','Printing'),(301,'What is knitting and its types?','L2','CO1','Fabric Manufacture-II','Knitting'),(302,'Explain warp knitting and weft knitting difference','L3','CO2','Fabric Manufacture-II','Knitting Types'),(303,'What is nonwoven fabric and its production?','L3','CO3','Fabric Manufacture-II','Nonwovens'),(304,'Explain technical textiles and their applications','L4','CO4','Fabric Manufacture-II','Technical Textiles'),(305,'What is fabric finishing and its types?','L3','CO3','Fabric Manufacture-II','Finishing'),(306,'Explain quantum mechanics and wave-particle duality','L3','CO1','Applied Physics','Quantum Mechanics'),(307,'What is laser and its working principle?','L3','CO2','Applied Physics','Laser'),(308,'Explain superconductivity and its applications','L3','CO3','Applied Physics','Superconductivity'),(309,'What is optical fibre and its working?','L3','CO3','Applied Physics','Optical Fibre'),(310,'Explain X-ray diffraction and Bragg law','L4','CO4','Applied Physics','X-Ray Diffraction'),(311,'What are barriers to effective communication?','L2','CO1','Communication Skills','Communication Barriers'),(312,'Explain types of communication with examples','L2','CO1','Communication Skills','Types of Communication'),(313,'What is technical writing and report writing?','L3','CO2','Communication Skills','Technical Writing'),(314,'Explain presentation skills and public speaking','L3','CO3','Communication Skills','Presentation Skills'),(315,'What is group discussion and its techniques?','L3','CO3','Communication Skills','Group Discussion'),(316,'What is Ohm law and its limitations?','L2','CO1','Basic Electrical Engineering','Ohms Law'),(317,'Explain AC circuits and phasor representation','L3','CO2','Basic Electrical Engineering','AC Circuits'),(318,'What is transformer and its working principle?','L3','CO3','Basic Electrical Engineering','Transformer'),(319,'Explain three phase power systems','L3','CO3','Basic Electrical Engineering','Three Phase'),(320,'What is electric motor and its types?','L3','CO4','Basic Electrical Engineering','Electric Motors'),(321,'Explain limits and continuity of functions','L2','CO1','Applied Mathematics-I','Calculus'),(322,'What is differentiation and its rules?','L3','CO2','Applied Mathematics-I','Differentiation'),(323,'Explain integration techniques with examples','L3','CO2','Applied Mathematics-I','Integration'),(324,'What are differential equations and their solutions?','L4','CO3','Applied Mathematics-I','Differential Equations'),(325,'Explain matrices and determinants','L3','CO4','Applied Mathematics-I','Matrices'),(326,'What are renewable energy sources and their types?','L1','CO1','Energy & Environment','Renewable Energy'),(327,'Explain solar energy and photovoltaic systems','L3','CO2','Energy & Environment','Solar Energy'),(328,'What is global warming and greenhouse effect?','L2','CO2','Energy & Environment','Global Warming'),(329,'Explain wind energy and wind turbine working','L3','CO3','Energy & Environment','Wind Energy'),(330,'What is pollution and its types?','L2','CO3','Energy & Environment','Pollution'),(331,'What is electrochemistry and its applications?','L2','CO1','Applied Chemistry','Electrochemistry'),(332,'Explain corrosion and its prevention methods','L3','CO2','Applied Chemistry','Corrosion'),(333,'What are polymers and their classification?','L2','CO2','Applied Chemistry','Polymers'),(334,'Explain water hardness and its removal','L3','CO3','Applied Chemistry','Water Treatment'),(335,'What are fuels and their calorific values?','L3','CO4','Applied Chemistry','Fuels'),(336,'What is algorithm and flowchart? Give example','L2','CO1','Computer Programming','Basics'),(337,'Explain control structures in C programming','L3','CO2','Computer Programming','Control Structures'),(338,'What are arrays and strings in C?','L3','CO2','Computer Programming','Arrays'),(339,'Explain functions and recursion in C','L3','CO3','Computer Programming','Functions'),(340,'What are pointers in C and their use?','L4','CO4','Computer Programming','Pointers'),(341,'What is semiconductor and its types?','L1','CO1','Basic Electronics Engineering','Semiconductors'),(342,'Explain rectifier circuits half wave and full wave','L3','CO2','Basic Electronics Engineering','Rectifiers'),(343,'What is transistor and its applications?','L3','CO3','Basic Electronics Engineering','Transistors'),(344,'Explain logic gates and their truth tables','L2','CO3','Basic Electronics Engineering','Logic Gates'),(345,'What is CRO and its working?','L3','CO4','Basic Electronics Engineering','CRO'),(346,'Explain Fourier series and its applications','L3','CO1','Applied Mathematics-II','Fourier Series'),(347,'What is partial differential equation?','L4','CO2','Applied Mathematics-II','PDE'),(348,'Explain Laplace transform and inverse transform','L3','CO3','Applied Mathematics-II','Laplace Transform'),(349,'What is vector calculus and Greens theorem?','L4','CO3','Applied Mathematics-II','Vector Calculus'),(350,'Explain numerical methods for solving equations','L4','CO4','Applied Mathematics-II','Numerical Methods'),(351,'What are universal human values and their importance?','L1','CO1','Universal Human Values & Awareness About Himachal Pradesh','Human Values'),(352,'Explain geography and culture of Himachal Pradesh','L2','CO2','Universal Human Values & Awareness About Himachal Pradesh','HP Geography'),(353,'What is the role of ethics in professional life?','L3','CO2','Universal Human Values & Awareness About Himachal Pradesh','Ethics'),(354,'Explain tourism and heritage sites of Himachal Pradesh','L2','CO3','Universal Human Values & Awareness About Himachal Pradesh','HP Tourism'),(355,'What are environmental issues specific to Himachal Pradesh?','L3','CO4','Universal Human Values & Awareness About Himachal Pradesh','HP Environment'),(356,'Write a program to implement stack using array','L3','CO1','Data Structure & Algorithm Lab','Stack'),(357,'Implement linked list insertion and deletion in C','L3','CO2','Data Structure & Algorithm Lab','Linked List'),(358,'Write a program for binary search tree operations','L4','CO3','Data Structure & Algorithm Lab','BST'),(359,'Implement BFS and DFS graph traversal','L4','CO4','Data Structure & Algorithm Lab','Graph'),(360,'Write a program to implement merge sort','L3','CO2','Data Structure & Algorithm Lab','Sorting'),(361,'Write a Python program to implement calculator','L3','CO1','Python Programming Lab','Basic Programs'),(362,'Implement file handling operations in Python','L3','CO2','Python Programming Lab','File Handling'),(363,'Write a Python program using classes and objects','L4','CO3','Python Programming Lab','OOP'),(364,'Implement data visualization using matplotlib','L4','CO4','Python Programming Lab','Data Visualization'),(365,'Write a Python program for web scraping','L4','CO4','Python Programming Lab','Web Scraping'),(366,'Implement quick sort and analyze its complexity','L4','CO1','DAA Lab','Sorting'),(367,'Write a program for 0-1 knapsack using dynamic programming','L4','CO2','DAA Lab','Dynamic Programming'),(368,'Implement Dijkstra shortest path algorithm','L4','CO3','DAA Lab','Graph Algorithms'),(369,'Write a program for N-queens problem using backtracking','L4','CO3','DAA Lab','Backtracking'),(370,'Implement Huffman coding algorithm','L4','CO4','DAA Lab','Greedy'),(371,'Implement BFS and DFS for AI problem solving','L3','CO1','AI Lab','Search'),(372,'Write a program for A* algorithm implementation','L4','CO2','AI Lab','A* Algorithm'),(373,'Implement minimax algorithm for tic-tac-toe game','L4','CO3','AI Lab','Game Playing'),(374,'Write a fuzzy logic program for temperature control','L4','CO3','AI Lab','Fuzzy Logic'),(375,'Implement a simple expert system in Python','L4','CO4','AI Lab','Expert System'),(376,'Create a database and write DDL commands','L3','CO1','DBMS Lab','DDL Commands'),(377,'Write SQL queries for DML operations','L3','CO2','DBMS Lab','DML Commands'),(378,'Implement joins and subqueries in SQL','L4','CO3','DBMS Lab','SQL Joins'),(379,'Create views and stored procedures in MySQL','L4','CO3','DBMS Lab','Stored Procedures'),(380,'Implement triggers in database','L4','CO4','DBMS Lab','Triggers'),(381,'Configure IP address and subnet mask on a system','L3','CO1','Computer Networks Lab','IP Configuration'),(382,'Implement socket programming for client-server','L4','CO2','Computer Networks Lab','Socket Programming'),(383,'Simulate network topologies using Cisco Packet Tracer','L3','CO3','Computer Networks Lab','Network Simulation'),(384,'Configure static and dynamic routing protocols','L4','CO3','Computer Networks Lab','Routing'),(385,'Implement FTP and HTTP using socket programming','L4','CO4','Computer Networks Lab','Protocols'),(386,'Implement linear regression using Python scikit-learn','L3','CO1','Machine Learning Lab','Regression'),(387,'Write a program for k-means clustering','L4','CO2','Machine Learning Lab','Clustering'),(388,'Implement decision tree classifier on a dataset','L4','CO3','Machine Learning Lab','Classification'),(389,'Build a naive Bayes classifier for text classification','L4','CO3','Machine Learning Lab','NLP Classification'),(390,'Implement SVM for binary classification problem','L4','CO4','Machine Learning Lab','SVM'),(391,'Implement lexical analyzer using C','L3','CO1','Compiler Designer Lab','Lexical Analysis'),(392,'Write a program for recursive descent parser','L4','CO2','Compiler Designer Lab','Parsing'),(393,'Implement symbol table using hash table','L4','CO3','Compiler Designer Lab','Symbol Table'),(394,'Write a program for intermediate code generation','L4','CO3','Compiler Designer Lab','Code Generation'),(395,'Implement a simple calculator using LEX and YACC','L4','CO4','Compiler Designer Lab','LEX YACC'),(396,'What is the objective of micro project in CSE?','L2','CO1','Micro Project','Introduction'),(397,'Explain how to select a topic for micro project','L3','CO2','Micro Project','Topic Selection'),(398,'What is the role of version control in micro project?','L3','CO2','Micro Project','Version Control'),(399,'Explain documentation standards for micro project','L3','CO3','Micro Project','Documentation'),(400,'How to present and demonstrate micro project?','L4','CO4','Micro Project','Presentation'),(401,'Plot V-I characteristics of p-n junction diode','L3','CO1','Electronic Devices Lab','Diode Characteristics'),(402,'Study input and output characteristics of BJT','L3','CO2','Electronic Devices Lab','BJT Characteristics'),(403,'Plot drain characteristics of MOSFET','L3','CO3','Electronic Devices Lab','MOSFET Characteristics'),(404,'Study Zener diode as voltage regulator','L3','CO2','Electronic Devices Lab','Zener Diode'),(405,'Design and test half wave rectifier circuit','L4','CO4','Electronic Devices Lab','Rectifier'),(406,'Generate basic signals using MATLAB','L3','CO1','Signals & System Lab using Matlab/Python','Signal Generation'),(407,'Compute Fourier transform of signals using MATLAB','L4','CO2','Signals & System Lab using Matlab/Python','Fourier Transform'),(408,'Implement convolution using MATLAB','L4','CO3','Signals & System Lab using Matlab/Python','Convolution'),(409,'Design FIR filter using MATLAB','L4','CO3','Signals & System Lab using Matlab/Python','Filter Design'),(410,'Compute Z-transform using MATLAB','L4','CO4','Signals & System Lab using Matlab/Python','Z-Transform'),(411,'Implement basic logic gates using IC chips','L3','CO1','Digital System Design Lab','Logic Gates'),(412,'Design and test half adder and full adder circuit','L3','CO2','Digital System Design Lab','Adder Circuits'),(413,'Implement JK flip flop and verify truth table','L3','CO3','Digital System Design Lab','Flip Flops'),(414,'Design 4-bit binary counter circuit','L4','CO3','Digital System Design Lab','Counters'),(415,'Implement multiplexer and demultiplexer circuit','L3','CO4','Digital System Design Lab','MUX DEMUX'),(416,'Design inverting amplifier using op-amp','L3','CO1','Analog Circuits Lab','Op-Amp Amplifier'),(417,'Implement integrator and differentiator using op-amp','L4','CO2','Analog Circuits Lab','Op-Amp Applications'),(418,'Design active low pass filter circuit','L4','CO3','Analog Circuits Lab','Active Filters'),(419,'Build Wien bridge oscillator using op-amp','L4','CO3','Analog Circuits Lab','Oscillators'),(420,'Implement Schmitt trigger using op-amp','L3','CO4','Analog Circuits Lab','Comparators'),(421,'Write 8051 program to blink an LED','L3','CO1','Microcontroller Lab','LED Interfacing'),(422,'Implement 7-segment display interfacing with 8051','L3','CO2','Microcontroller Lab','Display Interfacing'),(423,'Write program for timer interrupt in 8051','L4','CO3','Microcontroller Lab','Timer Interrupt'),(424,'Implement serial communication between two 8051 boards','L4','CO4','Microcontroller Lab','Serial Communication'),(425,'Interface ADC with 8051 microcontroller','L4','CO4','Microcontroller Lab','ADC Interfacing'),(426,'Generate AM signal and measure modulation index','L3','CO1','Analog Communication Lab','AM Modulation'),(427,'Generate FM signal and observe on CRO','L3','CO2','Analog Communication Lab','FM Modulation'),(428,'Study AM demodulation using envelope detector','L3','CO2','Analog Communication Lab','Demodulation'),(429,'Measure bandwidth of AM and FM signals','L3','CO3','Analog Communication Lab','Bandwidth Measurement'),(430,'Study superheterodyne receiver characteristics','L4','CO4','Analog Communication Lab','Receiver'),(431,'Determine viscosity of fluid using viscometer','L3','CO1','Fluid Mechanics Lab','Viscosity'),(432,'Verify Bernoulli theorem using experiment','L3','CO2','Fluid Mechanics Lab','Bernoulli Theorem'),(433,'Determine coefficient of discharge for orifice','L3','CO3','Fluid Mechanics Lab','Orifice'),(434,'Determine friction losses in pipe flow','L4','CO3','Fluid Mechanics Lab','Pipe Flow'),(435,'Study flow over notches and weirs','L3','CO4','Fluid Mechanics Lab','Weirs'),(436,'Determine consistency of cement by Vicat apparatus','L3','CO1','Civil Engineering Materials Lab','Cement Testing'),(437,'Find compressive strength of cement mortar cubes','L4','CO2','Civil Engineering Materials Lab','Compressive Strength'),(438,'Determine workability of concrete using slump test','L3','CO2','Civil Engineering Materials Lab','Workability'),(439,'Find compressive strength of concrete cubes','L4','CO3','Civil Engineering Materials Lab','Concrete Strength'),(440,'Determine specific gravity of cement and aggregate','L3','CO3','Civil Engineering Materials Lab','Specific Gravity'),(441,'Conduct chain survey of a given area','L3','CO1','Surveying & Geomatics Lab','Chain Survey'),(442,'Use theodolite to measure horizontal angle','L3','CO2','Surveying & Geomatics Lab','Theodolite'),(443,'Conduct levelling survey using automatic level','L3','CO3','Surveying & Geomatics Lab','Levelling'),(444,'Use total station for coordinate survey','L4','CO3','Surveying & Geomatics Lab','Total Station'),(445,'Plot a contour map from given survey data','L4','CO4','Surveying & Geomatics Lab','Contouring'),(446,'Design concrete mix for M25 grade','L4','CO1','Concrete Technology Laboratory','Mix Design'),(447,'Find initial and final setting time of cement','L3','CO2','Concrete Technology Laboratory','Setting Time'),(448,'Determine soundness of cement by Le-Chatelier method','L3','CO2','Concrete Technology Laboratory','Soundness'),(449,'Test tensile strength of concrete by split test','L4','CO3','Concrete Technology Laboratory','Tensile Strength'),(450,'Determine water-cement ratio for given workability','L3','CO4','Concrete Technology Laboratory','Water-Cement Ratio'),(451,'Determine Marshall stability of bituminous mix','L4','CO1','Transportation Engineering Lab','Bitumen Testing'),(452,'Find penetration value of bitumen','L3','CO2','Transportation Engineering Lab','Penetration Test'),(453,'Determine softening point of bitumen','L3','CO2','Transportation Engineering Lab','Softening Point'),(454,'Find aggregate impact value test','L3','CO3','Transportation Engineering Lab','Aggregate Testing'),(455,'Determine ductility of bitumen','L3','CO4','Transportation Engineering Lab','Ductility Test'),(456,'Determine Atterberg limits of soil','L3','CO1','Geotechnical Engineering Lab','Atterberg Limits'),(457,'Find specific gravity of soil using pycnometer','L3','CO2','Geotechnical Engineering Lab','Specific Gravity'),(458,'Determine permeability of soil by constant head method','L4','CO3','Geotechnical Engineering Lab','Permeability'),(459,'Conduct direct shear test on soil sample','L4','CO3','Geotechnical Engineering Lab','Shear Strength'),(460,'Determine compaction characteristics by Proctor test','L3','CO4','Geotechnical Engineering Lab','Compaction Test'),(461,'Determine pH and turbidity of water sample','L3','CO1','Water Supply & Treatment Technology Lab','Water Quality'),(462,'Find hardness of water by EDTA method','L3','CO2','Water Supply & Treatment Technology Lab','Water Hardness'),(463,'Determine dissolved oxygen in water sample','L3','CO3','Water Supply & Treatment Technology Lab','Dissolved Oxygen'),(464,'Find BOD of wastewater sample','L4','CO3','Water Supply & Treatment Technology Lab','BOD Test'),(465,'Determine chlorine demand of water','L3','CO4','Water Supply & Treatment Technology Lab','Chlorine Demand'),(466,'Determine performance characteristics of centrifugal pump','L3','CO1','Fluid Machines Lab','Centrifugal Pump'),(467,'Study characteristics of Pelton wheel turbine','L4','CO2','Fluid Machines Lab','Pelton Turbine'),(468,'Determine efficiency of Francis turbine','L4','CO3','Fluid Machines Lab','Francis Turbine'),(469,'Study working of reciprocating pump','L3','CO3','Fluid Machines Lab','Reciprocating Pump'),(470,'Find cavitation effects in centrifugal pump','L4','CO4','Fluid Machines Lab','Cavitation'),(471,'Study valve timing diagram of four stroke engine','L3','CO1','Engine Combustion Lab','Valve Timing'),(472,'Determine indicated power of IC engine','L4','CO2','Engine Combustion Lab','Engine Power'),(473,'Find mechanical efficiency of engine','L3','CO3','Engine Combustion Lab','Mechanical Efficiency'),(474,'Determine volumetric efficiency of engine','L3','CO3','Engine Combustion Lab','Volumetric Efficiency'),(475,'Study fuel consumption and heat balance sheet','L4','CO4','Engine Combustion Lab','Heat Balance'),(476,'Conduct tensile test on mild steel specimen','L3','CO1','Strength of Materials Lab','Tensile Test'),(477,'Determine hardness of materials by Brinell test','L3','CO2','Strength of Materials Lab','Hardness Test'),(478,'Conduct impact test using Charpy method','L3','CO3','Strength of Materials Lab','Impact Test'),(479,'Determine torsional rigidity of circular shaft','L4','CO3','Strength of Materials Lab','Torsion Test'),(480,'Find deflection of simply supported beam','L4','CO4','Strength of Materials Lab','Beam Deflection'),(481,'Identify different textile fibres by burn test','L3','CO1','Textile Fibre Lab','Fibre Identification'),(482,'Determine moisture regain of cotton fibre','L3','CO2','Textile Fibre Lab','Moisture Regain'),(483,'Find tensile strength of textile fibre','L3','CO3','Textile Fibre Lab','Tensile Strength'),(484,'Determine fibre length using comb sorter method','L3','CO3','Textile Fibre Lab','Fibre Length'),(485,'Find fineness of cotton fibre using micronaire','L4','CO4','Textile Fibre Lab','Fibre Fineness'),(486,'Study working of blow room machinery','L3','CO1','Yarn Manufacture-I Lab','Blow Room'),(487,'Observe carding process and card web formation','L3','CO2','Yarn Manufacture-I Lab','Carding'),(488,'Study drawing frame and doubling process','L3','CO3','Yarn Manufacture-I Lab','Drawing'),(489,'Observe simplex machine working and roving formation','L3','CO3','Yarn Manufacture-I Lab','Simplex'),(490,'Study ring frame and yarn winding on bobbin','L4','CO4','Yarn Manufacture-I Lab','Ring Frame'),(491,'Identify weave structure of given fabric sample','L3','CO1','Fabric Manufacture-I Lab','Weave Identification'),(492,'Count thread density of woven fabric','L3','CO2','Fabric Manufacture-I Lab','Thread Count'),(493,'Analyze plain weave fabric on loom','L3','CO3','Fabric Manufacture-I Lab','Plain Weave'),(494,'Study twill weave fabric structure','L3','CO3','Fabric Manufacture-I Lab','Twill Weave'),(495,'Determine fabric weight per square meter','L3','CO4','Fabric Manufacture-I Lab','Fabric Weight'),(496,'Study drafting system of ring spinning machine','L3','CO1','Theory of Textile Machines Lab','Drafting System'),(497,'Observe tension device mechanism in winding machine','L3','CO2','Theory of Textile Machines Lab','Tension Device'),(498,'Study let-off mechanism of loom','L3','CO3','Theory of Textile Machines Lab','Let-Off Mechanism'),(499,'Observe take-up motion of weaving machine','L3','CO3','Theory of Textile Machines Lab','Take-Up Motion'),(500,'Study shedding mechanism in loom','L4','CO4','Theory of Textile Machines Lab','Shedding'),(501,'Study combing machine and noil extraction','L3','CO1','Yarn Manufacture-II Lab','Combing'),(502,'Observe rotor spinning machine working','L4','CO2','Yarn Manufacture-II Lab','Rotor Spinning'),(503,'Determine yarn count by wrap reel and balance','L3','CO3','Yarn Manufacture-II Lab','Yarn Count'),(504,'Find yarn twist per inch using twist tester','L3','CO3','Yarn Manufacture-II Lab','Yarn Twist'),(505,'Determine tensile strength of yarn','L4','CO4','Yarn Manufacture-II Lab','Yarn Strength'),(506,'Perform scouring of cotton fabric','L3','CO1','Textile Chemical Processing-I Lab','Scouring'),(507,'Bleach cotton fabric using hydrogen peroxide','L3','CO2','Textile Chemical Processing-I Lab','Bleaching'),(508,'Dye cotton fabric using reactive dyes','L4','CO3','Textile Chemical Processing-I Lab','Dyeing'),(509,'Perform block printing on cotton fabric','L3','CO3','Textile Chemical Processing-I Lab','Printing'),(510,'Determine color fastness of dyed fabric','L4','CO4','Textile Chemical Processing-I Lab','Color Fastness'),(511,'Identify knitted fabric structure from sample','L3','CO1','Fabric Manufacture-II Lab','Knit Identification'),(512,'Study weft knitting machine and its working','L3','CO2','Fabric Manufacture-II Lab','Weft Knitting'),(513,'Observe warp knitting machine mechanism','L3','CO3','Fabric Manufacture-II Lab','Warp Knitting'),(514,'Determine wales and courses per inch in knitted fabric','L3','CO3','Fabric Manufacture-II Lab','Fabric Analysis'),(515,'Study nonwoven fabric production process','L4','CO4','Fabric Manufacture-II Lab','Nonwovens'),(516,'Determine wavelength of light using diffraction grating','L3','CO1','Applied Physics Lab','Optics'),(517,'Find refractive index of glass using prism','L3','CO2','Applied Physics Lab','Refraction'),(518,'Study characteristics of photoelectric effect','L4','CO3','Applied Physics Lab','Photoelectric Effect'),(519,'Determine resistivity of semiconductor material','L3','CO3','Applied Physics Lab','Semiconductors'),(520,'Find Planck constant using LED experiment','L4','CO4','Applied Physics Lab','Planck Constant'),(521,'Deliver a short speech on a given topic','L3','CO1','Communication Skills Lab','Public Speaking'),(522,'Participate in group discussion activity','L3','CO2','Communication Skills Lab','Group Discussion'),(523,'Write a formal email for job application','L3','CO2','Communication Skills Lab','Email Writing'),(524,'Prepare and present a technical presentation','L4','CO3','Communication Skills Lab','Presentation'),(525,'Conduct mock interview practice session','L4','CO4','Communication Skills Lab','Interview Skills'),(526,'Verify Ohm law using DC circuit','L3','CO1','Basic Electrical Engineering Lab','Ohms Law'),(527,'Verify Kirchhoff laws in DC circuit','L3','CO2','Basic Electrical Engineering Lab','Kirchhoff Laws'),(528,'Study series and parallel RLC circuits','L3','CO3','Basic Electrical Engineering Lab','RLC Circuits'),(529,'Find power factor of AC circuit','L3','CO3','Basic Electrical Engineering Lab','Power Factor'),(530,'Study single phase transformer characteristics','L4','CO4','Basic Electrical Engineering Lab','Transformer'),(531,'Determine hardness of water by EDTA titration','L3','CO1','Applied Chemistry Lab','Water Hardness'),(532,'Find pH of different solutions using pH meter','L3','CO2','Applied Chemistry Lab','pH Measurement'),(533,'Determine viscosity of lubricating oil','L3','CO3','Applied Chemistry Lab','Viscosity'),(534,'Prepare and study polymer sample','L3','CO3','Applied Chemistry Lab','Polymer Preparation'),(535,'Determine calorific value of fuel by bomb calorimeter','L4','CO4','Applied Chemistry Lab','Calorific Value'),(536,'Write C program to find factorial using recursion','L3','CO1','Computer Programming Lab','Recursion'),(537,'Implement sorting algorithms in C','L3','CO2','Computer Programming Lab','Sorting'),(538,'Write C program for matrix multiplication','L3','CO3','Computer Programming Lab','Arrays'),(539,'Implement linked list operations in C','L4','CO3','Computer Programming Lab','Linked List'),(540,'Write C program using structures and pointers','L4','CO4','Computer Programming Lab','Structures'),(541,'Study characteristics of PN junction diode','L3','CO1','Basic Electronics Engineering Lab','Diode'),(542,'Design and test half wave rectifier','L3','CO2','Basic Electronics Engineering Lab','Rectifier'),(543,'Study BJT as a switch circuit','L3','CO3','Basic Electronics Engineering Lab','Transistor Switch'),(544,'Verify truth table of basic logic gates','L3','CO3','Basic Electronics Engineering Lab','Logic Gates'),(545,'Study CRO and measure signal parameters','L3','CO4','Basic Electronics Engineering Lab','CRO');
/*!40000 ALTER TABLE `questions` ENABLE KEYS */;
UNLOCK TABLES;

--
-- Table structure for table `subject`
--

DROP TABLE IF EXISTS `subject`;
/*!40101 SET @saved_cs_client     = @@character_set_client */;
/*!50503 SET character_set_client = utf8mb4 */;
CREATE TABLE `subject` (
  `Sub_Id` int NOT NULL,
  `Sub_Name` varchar(100) DEFAULT NULL,
  `Sub_Credits` int NOT NULL DEFAULT '4',
  PRIMARY KEY (`Sub_Id`)
) ENGINE=InnoDB DEFAULT CHARSET=utf8mb4 COLLATE=utf8mb4_0900_ai_ci;
/*!40101 SET character_set_client = @saved_cs_client */;

--
-- Dumping data for table `subject`
--

LOCK TABLES `subject` WRITE;
/*!40000 ALTER TABLE `subject` DISABLE KEYS */;
INSERT INTO `subject` VALUES (0,'Capstone Project-1',2),(1,'Computer-Aided Civil Engineering Drawing Laboratory',1),(2,'Machine Drawing & CAD Lab',1),(3,'Workshop',2),(4,'Engineering Graphics & Design',2),(5,'Holistic Health & Yoga',1),(6,'Probability Theory & Statistics',4),(7,'Indian Knowledge System',2),(8,'Engineering Economics',2),(101,'Data Structure & Algorithm',4),(102,'Python Programming',2),(103,'Computer Organization & Architecture',4),(104,'Discrete Mathematics',3),(105,'Operating System',4),(106,'Design & Analysis of Algorithm',4),(107,'Artificial Intelligence in Engineering',3),(108,'Database Management System',4),(109,'Computer Networks',4),(110,'Theory of Computation',4),(111,'Introduction to Machine Learning',4),(112,'Software Engineering',4),(113,'Data Warehousing & Data Mining',4),(114,'Compiler Design',4),(115,'Deep Learning',4),(116,'Advanced Machine Learning',3),(117,'Computer Vision',3),(118,'Natural Language Processing',4),(119,'Digital Marketing',3),(120,'Generative AI',3),(121,'AI in Healthcare',3),(122,'Start-Up, Innovation & Entrepreneurship',3),(201,'Electronic Devices',3),(202,'Signals & System',4),(203,'Network Theory',4),(204,'Digital System Design',3),(205,'Analog Circuits',4),(206,'Microcontroller',3),(207,'Analog Communication',4),(208,'Electromagnetic Field Theory',4),(301,'Solid Mechanics',4),(302,'Fluid Mechanics',3),(303,'Civil Engineering Materials,Construction & Drawing',2),(304,'Surveying & Geomatics',3),(305,'Structure Analysis-I',4),(306,'Concrete Technology',3),(307,'Transportation Engineering',3),(308,'Geotechnical Engineering',4),(309,'Water Supply & Treatment Technology',3),(401,'Fluid Machines',4),(402,'Internal Combustion Engines',3),(403,'Kinematics of Machines',3),(404,'Strength of Materials',4),(501,'Textile Fibre-I',3),(502,'Properties of Fibres',3),(503,'Yarn Manufacture-I',3),(504,'Fabric Manufacture-I',3),(505,'Theory of Textile Machines',4),(506,'Textile Fibre-II',3),(507,'Yarn Manufacture-II',3),(508,'Textile Chemical Processing-I',3),(509,'Fabric Manufacture-II',3),(601,'Applied Physics',4),(602,'Communication Skills',3),(603,'Basic Electrical Engineering',4),(604,'Applied Mathematics-I',4),(605,'Energy & Environment',4),(606,'Applied Chemistry',4),(607,'Computer Programming',3),(608,'Basic Electronics Engineering',4),(609,'Applied Mathematics-II',4),(610,'Universal Human Values & Awareness About Himachal Pradesh',3),(1010,'Data Structure & Algorithm Lab',1),(1020,'Python Programming Lab',1),(1060,'DAA Lab',1),(1070,'AI Lab',1),(1080,'DBMS Lab',1),(1090,'Computer Networks Lab',1),(1110,'Machine Learning Lab',1),(1140,'Compiler Designer Lab',1),(2000,'Micro Project',1),(2010,'Electronic Devices Lab',1),(2020,'Signals & System Lab using Matlab/Python',1),(2040,'Digital System Design Lab',1),(2050,'Analog Circuits Lab',1),(2060,'Microcontroller Lab',1),(2070,'Analog Communication Lab',1),(3020,'Fluid Mechanics Lab',1),(3030,'Civil Engineering Materials Lab',1),(3040,'Surveying & Geomatics Lab',1),(3060,'Concrete Technology Laboratory',1),(3070,'Transportation Engineering Lab',1),(3080,'Geotechnical Engineering Lab',1),(3090,'Water Supply & Treatment Technology',1),(4010,'Fluid Machines Lab',1),(4020,'Engine Combustion Lab',1),(4040,'Strength of Materials Lab',1),(5010,'Textile Fibre Lab',1),(5020,'Yarn Manufacture-I Lab',1),(5030,'Fabric Manufacture-I Lab',1),(5040,'Theory of Textile Machines Lab',1),(5070,'Yarn Manufacture-II Lab',1),(5080,'Textile Chemical Processing-I Lab',1),(5090,'Fabric Manufacture-II',1),(6010,'Applied Physics Lab',1),(6020,'Communication Skills Lab',1),(6030,'Basic Electrical Engineering Lab',1),(6060,'Applied Chemistry  Lab',1),(6070,'Computer Programming Lab',1),(6080,'Basic Electronics Engineering Lab',1);
/*!40000 ALTER TABLE `subject` ENABLE KEYS */;
UNLOCK TABLES;

--
-- Table structure for table `subject_branch_mapping`
--

DROP TABLE IF EXISTS `subject_branch_mapping`;
/*!40101 SET @saved_cs_client     = @@character_set_client */;
/*!50503 SET character_set_client = utf8mb4 */;
CREATE TABLE `subject_branch_mapping` (
  `Sub_Branch_Id` int NOT NULL,
  `Sub_ID` int NOT NULL,
  `Branch_Id` int NOT NULL,
  PRIMARY KEY (`Sub_Branch_Id`),
  KEY `Sub_ID` (`Sub_ID`),
  KEY `Branch_Id` (`Branch_Id`),
  CONSTRAINT `subject_branch_mapping_ibfk_1` FOREIGN KEY (`Sub_ID`) REFERENCES `subject` (`Sub_Id`),
  CONSTRAINT `subject_branch_mapping_ibfk_2` FOREIGN KEY (`Branch_Id`) REFERENCES `branch` (`Branch_Id`)
) ENGINE=InnoDB DEFAULT CHARSET=utf8mb4 COLLATE=utf8mb4_0900_ai_ci;
/*!40101 SET character_set_client = @saved_cs_client */;

--
-- Dumping data for table `subject_branch_mapping`
--

LOCK TABLES `subject_branch_mapping` WRITE;
/*!40000 ALTER TABLE `subject_branch_mapping` DISABLE KEYS */;
INSERT INTO `subject_branch_mapping` VALUES (1,101,1),(2,102,1),(3,103,1),(4,104,1),(5,105,1),(6,106,1),(7,107,1),(8,108,1),(9,109,1),(10,110,1),(11,111,1),(12,112,1),(13,113,1),(14,114,1),(15,115,1),(16,116,1),(17,117,1),(18,118,1),(19,119,1),(20,120,1),(21,121,1),(22,1010,1),(23,1020,1),(24,2040,1),(25,1060,1),(26,1070,1),(27,1080,1),(28,1090,1),(29,1110,1),(30,1140,1),(31,0,1),(32,201,2),(33,202,2),(34,203,2),(35,204,2),(36,205,2),(37,206,2),(38,207,2),(39,208,2),(40,204,1),(41,206,1),(42,2010,2),(43,2020,2),(44,2040,2),(45,107,2),(46,2050,2),(47,2060,2),(48,2070,2),(49,1070,2),(50,2000,2),(51,6,1),(52,7,1),(53,8,1),(54,122,1),(55,6,2),(56,7,2),(57,8,2),(58,301,3),(59,302,3),(60,303,3),(61,304,3),(62,305,3),(63,306,3),(64,307,3),(65,308,3),(66,309,3),(67,6,3),(68,7,3),(69,8,3),(70,3020,3),(71,3030,3),(72,3040,3),(73,3060,3),(74,3070,3),(75,3080,3),(76,3090,3),(77,107,3),(78,401,4),(79,402,4),(80,403,4),(81,404,4),(82,4010,4),(83,4020,4),(84,4040,4),(85,6,4),(86,8,4),(87,107,4),(88,501,5),(89,502,5),(90,503,5),(91,504,5),(92,505,5),(93,506,5),(94,507,5),(95,508,5),(96,509,5),(97,5010,5),(98,5020,5),(99,5030,5),(100,5040,5),(101,5070,5),(102,5080,5),(103,5090,5),(104,6,5),(105,7,5),(106,8,5),(107,107,5),(108,601,6),(109,602,6),(110,603,6),(111,604,6),(112,605,6),(113,606,6),(114,607,6),(115,608,6),(116,609,6),(117,610,6),(118,6010,6),(119,6020,6),(120,6030,6),(121,6060,6),(122,6070,6),(123,6080,6),(124,3,6),(125,4,6),(126,5,6);
/*!40000 ALTER TABLE `subject_branch_mapping` ENABLE KEYS */;
UNLOCK TABLES;
/*!40103 SET TIME_ZONE=@OLD_TIME_ZONE */;

/*!40101 SET SQL_MODE=@OLD_SQL_MODE */;
/*!40014 SET FOREIGN_KEY_CHECKS=@OLD_FOREIGN_KEY_CHECKS */;
/*!40014 SET UNIQUE_CHECKS=@OLD_UNIQUE_CHECKS */;
/*!40101 SET CHARACTER_SET_CLIENT=@OLD_CHARACTER_SET_CLIENT */;
/*!40101 SET CHARACTER_SET_RESULTS=@OLD_CHARACTER_SET_RESULTS */;
/*!40101 SET COLLATION_CONNECTION=@OLD_COLLATION_CONNECTION */;
/*!40111 SET SQL_NOTES=@OLD_SQL_NOTES */;

-- Dump completed on 2026-05-13 21:14:08
